Samples,hexokinase,G6P_isomerase,PFK,aldolase,GAPDH,PGK,PGM,enolase,pyr_kinase,LDH,pyr_carboxylase,pep_carboxykinase,pyr_dehydrogenase,cit_synthase,aconitase,IDH2_nadp,IDH2_nad,AKG_dehydrogenase,SuCoA_synthase,Succ_dehydrogenase,fumarase,malate_dehydrogenase,malic_enzyme_NADP,malic_enzyme_NAD,ASPTA,ALATA_L,GLUDxm,GLUDym,Cit_lyase,FFAsynthesis,glutaminase,gln_synthetase,CPS1,OTC,ASS,ASL,ARG1,ORNTArm,G5SADrm,P5CRm,P5CRxm,ORNDC,ATP_ADP,G6P_dehydrogenase,gluconolactonase,6PDG_dehydrogenase,Ru5P_isomerase,PRPPS,SHMT1,MTHFD1,ser_synthesis,RESP1,RESP2,Hcys_synthesis,CYSTS,CYSTGL,GLUCYS,GTHS,GTHP,GTHO,glutamyltrasferase,asparagine_synthetase,CYSTA,ASRGL1,CAD,SDS,GATM,EX_O2,EX_Gln,EX_Glc,EX_Arg,EX_THF,EX_Met,protein_synthesis,biomass_synthesis,DM_LACT,DM_H2O2,DM_NH3,DM_Urea,DM_PRPP,DM_biomass,DM_Putrescine,DM_forTHF,DM_GSSG,Total
1000,0.38421052631578945,0.29473684210526313,0.29473684210526313,0.29473684210526313,0.29473684210526313,0.29473684210526313,0.18947368421052632,0.18947368421052632,0.23157894736842105,0.2894736842105263,0.06842105263157895,0.17894736842105263,0.010526315789473684,0.010526315789473684,0.37894736842105264,0.17894736842105263,0.2,0.6263157894736842,0.6263157894736842,0.6263157894736842,0.5789473684210527,0.10526315789473684,0.1631578947368421,0.20526315789473684,0.45789473684210524,0.5157894736842106,0.20526315789473684,0.3894736842105263,0.5157894736842106,0.5157894736842106,0.24736842105263157,0.10526315789473684,0.46842105263157896,0.45789473684210524,0.45789473684210524,0.45789473684210524,0.031578947368421054,0.5157894736842106,0.5157894736842106,0.12631578947368421,0.11578947368421053,0.015789473684210527,0.06315789473684211,0.5789473684210527,0.5789473684210527,0.5789473684210527,0.5789473684210527,0.5789473684210527,0.4263157894736842,0.4263157894736842,0.4,0.11052631578947368,0.6263157894736842,0.3736842105263158,0.3736842105263158,0.3736842105263158,0.2789473684210526,0.20526315789473684,0.2578947368421053,0.26842105263157895,0.1736842105263158,0.37894736842105264,0.24210526315789474,0.37894736842105264,0.3368421052631579,0.24210526315789474,0.3631578947368421,0.4789473684210526,0.37894736842105264,0.38421052631578945,0.015789473684210527,0.4263157894736842,0.3736842105263158,0.5157894736842106,0.5157894736842106,0.2894736842105263,0.23684210526315788,0.3736842105263158,0.031578947368421054,0.5789473684210527,0.5157894736842106,0.015789473684210527,0.4263157894736842,0.20526315789473684,0.330827067669173
