Samples,hexokinase,G6P_isomerase,PFK,aldolase,GAPDH,PGK,PGM,enolase,pyr_kinase,LDH,pyr_carboxylase,pep_carboxykinase,pyr_dehydrogenase,cit_synthase,aconitase,IDH2_nadp,IDH2_nad,AKG_dehydrogenase,SuCoA_synthase,Succ_dehydrogenase,fumarase,malate_dehydrogenase,malic_enzyme_NADP,malic_enzyme_NAD,ASPTA,ALATA_L,GLUDxm,GLUDym,Cit_lyase,FFAsynthesis,glutaminase,gln_synthetase,CPS1,OTC,ASS,ASL,ARG1,ORNTArm,G5SADrm,P5CRm,P5CRxm,ORNDC,ATP_ADP,G6P_dehydrogenase,gluconolactonase,6PDG_dehydrogenase,Ru5P_isomerase,PRPPS,SHMT1,MTHFD1,ser_synthesis,RESP1,RESP2,Hcys_synthesis,CYSTS,CYSTGL,GLUCYS,GTHS,GTHP,GTHO,glutamyltrasferase,asparagine_synthetase,CYSTA,ASRGL1,CAD,SDS,GATM,EX_O2,EX_Gln,EX_Glc,EX_Arg,EX_THF,EX_Met,protein_synthesis,biomass_synthesis,DM_LACT,DM_H2O2,DM_NH3,DM_Urea,DM_PRPP,DM_biomass,DM_Putrescine,DM_forTHF,DM_GSSG,Total
1000,0.06315789473684211,0.05263157894736842,0.05263157894736842,0.05263157894736842,0.05263157894736842,0.05263157894736842,0.37894736842105264,0.37894736842105264,0.04736842105263158,0.031578947368421054,0.02631578947368421,0.4105263157894737,0.43157894736842106,0.43157894736842106,0.5157894736842106,0.26842105263157895,0.3105263157894737,0.0,0.0,0.0,0.03684210526315789,0.6631578947368421,0.20526315789473684,0.4631578947368421,0.3,0.15263157894736842,0.5210526315789473,0.4789473684210526,0.15263157894736842,0.15263157894736842,0.04736842105263158,0.35789473684210527,0.5157894736842106,0.3,0.3,0.3,0.08421052631578947,0.15263157894736842,0.15263157894736842,0.2578947368421053,0.17894736842105263,0.18421052631578946,0.22105263157894736,0.5736842105263158,0.5736842105263158,0.5736842105263158,0.5736842105263158,0.5736842105263158,0.21578947368421053,0.21578947368421053,0.1631578947368421,0.0,0.0,0.42105263157894735,0.42105263157894735,0.42105263157894735,0.25263157894736843,0.25263157894736843,0.02631578947368421,0.1,0.3631578947368421,0.39473684210526316,0.5473684210526316,0.4,0.5578947368421052,0.42105263157894735,0.5157894736842106,0.0,0.0,0.06315789473684211,0.15789473684210525,0.21578947368421053,0.42105263157894735,0.15263157894736842,0.15263157894736842,0.031578947368421054,0.15789473684210525,0.0,0.08421052631578947,0.5736842105263158,0.15263157894736842,0.18421052631578946,0.21578947368421053,0.25263157894736843,0.2513157894736844
