Samples,hexokinase,G6P_isomerase,PFK,aldolase,GAPDH,PGK,PGM,enolase,pyr_kinase,LDH,pyr_carboxylase,pep_carboxykinase,pyr_dehydrogenase,cit_synthase,aconitase,IDH2_nadp,IDH2_nad,AKG_dehydrogenase,SuCoA_synthase,Succ_dehydrogenase,fumarase,malate_dehydrogenase,malic_enzyme_NADP,malic_enzyme_NAD,ASPTA,ALATA_L,GLUDxm,GLUDym,Cit_lyase,FFAsynthesis,glutaminase,gln_synthetase,CPS1,OTC,ASS,ASL,ARG1,ORNTArm,G5SADrm,P5CRm,P5CRxm,ORNDC,ATP_ADP,G6P_dehydrogenase,gluconolactonase,6PDG_dehydrogenase,Ru5P_isomerase,PRPPS,SHMT1,MTHFD1,ser_synthesis,RESP1,RESP2,Hcys_synthesis,CYSTS,CYSTGL,GLUCYS,GTHS,GTHP,GTHO,glutamyltrasferase,asparagine_synthetase,CYSTA,ASRGL1,CAD,SDS,GATM,EX_O2,EX_Gln,EX_Glc,EX_Arg,EX_THF,EX_Met,protein_synthesis,biomass_synthesis,DM_LACT,DM_H2O2,DM_NH3,DM_Urea,DM_PRPP,DM_biomass,DM_Putrescine,DM_forTHF,DM_GSSG,Total
1000,0.0,0.0,0.0,0.0,0.0,0.0,0.015789473684210527,0.015789473684210527,0.0,0.0,0.0,0.005263157894736842,0.0,0.0,0.23157894736842105,0.0,0.0,0.0,0.0,0.0,0.0,0.10526315789473684,0.015789473684210527,0.010526315789473684,0.02631578947368421,0.0,0.05789473684210526,0.16842105263157894,0.0,0.0,0.0,0.015789473684210527,0.2736842105263158,0.02631578947368421,0.02631578947368421,0.02631578947368421,0.0,0.0,0.0,0.021052631578947368,0.005263157894736842,0.0,0.0,0.35789473684210527,0.35789473684210527,0.35789473684210527,0.35789473684210527,0.35789473684210527,0.010526315789473684,0.010526315789473684,0.0,0.0,0.0,0.22631578947368422,0.22631578947368422,0.22631578947368422,0.015789473684210527,0.05789473684210526,0.0,0.0,0.015789473684210527,0.06315789473684211,0.11052631578947368,0.06842105263157895,0.15263157894736842,0.06842105263157895,0.14736842105263157,0.0,0.0,0.0,0.0,0.010526315789473684,0.22631578947368422,0.0,0.0,0.0,0.010526315789473684,0.0,0.0,0.35789473684210527,0.0,0.0,0.010526315789473684,0.05789473684210526,0.05845864661654134
